"tag","scenario","phi","alpha_true","N","sim","ok_tsbb","ok_bbjm","alpha_tsbb","se_tsbb","alpha_bbjm","se_bbjm","beta0_tsbb","beta0_bbjm","beta1_tsbb","beta1_bbjm","phi_tsbb","phi_bbjm","time_tsbb","time_bbjm"
"Sc1_phi0.05_alpha0.01",1,0.05,0.01,100,1,TRUE,TRUE,0.0226651991025701,0.0225647639922283,0.0220767064009944,0.0229117177865276,-0.254650997635276,-0.253953357986396,0.027854446010826,0.0309562801555109,0.0392942455186474,0.0392246736549847,0.322999999999997,1.521
"Sc1_phi0.05_alpha0.01",1,0.05,0.01,100,2,TRUE,TRUE,0.0031945792760701,0.0222527577308476,0.00365599929835341,0.0228915600534151,-0.0858182300487107,-0.0860926383982719,0.039195182959603,0.040249803388102,0.0478087340085536,0.0478185808179731,0.280999999999999,1.069
"Sc1_phi0.05_alpha0.01",1,0.05,0.01,100,3,TRUE,TRUE,0.025091946602029,0.0236869507403143,0.0252669650705331,0.0239404456651316,-0.300169306041936,-0.300608580571235,-0.0287861127383935,-0.0246653457648785,0.0446909648450126,0.0446377599098275,0.351000000000006,1.317
"Sc1_phi0.05_alpha0.01",1,0.05,0.01,100,4,TRUE,TRUE,0.0505475598252362,0.0192929886030755,0.0556488749006334,0.020301937186099,-0.449792432950892,-0.462715173468459,0.0523224391074988,0.0783586982824748,0.0449493704454311,0.0453514877508301,0.277999999999999,1.267
"Sc1_phi0.05_alpha0.01",1,0.05,0.01,100,5,TRUE,TRUE,0.039157981023955,0.0178972596273992,0.0423829663576943,0.0181591493265947,-0.375549837164059,-0.391130360549376,0.0884865139372006,0.121846160552272,0.0336989931521007,0.0306193525963013,0.224000000000004,1.169
"Sc1_phi0.05_alpha0.01",1,0.05,0.01,100,6,TRUE,TRUE,-0.0516548065040824,0.022024816144524,-0.0535867291308033,0.0227297166017324,-0.27053587958875,-0.262563954942395,0.021763148647643,0.0026541870137708,0.0293180445624701,0.0291804213634726,0.255000000000003,1.442
"Sc1_phi0.05_alpha0.01",1,0.05,0.01,100,7,TRUE,TRUE,0.0177738844092888,0.0197184291728651,0.0184818638973705,0.0200559607021647,-0.315175086674171,-0.317402148992554,0.0381873308018393,0.0450477073801468,0.040551982219351,0.0403570547096129,0.233000000000004,1.263
"Sc1_phi0.05_alpha0.01",1,0.05,0.01,100,8,TRUE,TRUE,0.0373617539880205,0.022697088112983,0.0419711657687715,0.0232487337259119,-0.25496913202099,-0.260054123013257,-0.0130840345194573,0.00322495424009505,0.0411677509338526,0.0405376423134702,0.231999999999992,1.143
"Sc1_phi0.05_alpha0.01",1,0.05,0.01,100,9,TRUE,TRUE,0.0125945936482657,0.0215524281310215,0.0142701869274269,0.0218233442090741,-0.252679633083306,-0.253768141289798,0.0471172964689121,0.0508730702192495,0.0440250499935066,0.0439662639808571,0.331000000000003,1.453
"Sc1_phi0.05_alpha0.01",1,0.05,0.01,100,10,TRUE,TRUE,0.0350134241542632,0.0251061605717542,0.0360797272705777,0.0257555209265933,-0.247552799871765,-0.248700898336903,0.00455635431033898,0.0127524793809517,0.046696799763721,0.0468309737921154,0.238,1.235
"Sc1_phi0.05_alpha0.01",1,0.05,0.01,100,11,TRUE,TRUE,0.0125998557694324,0.0237779387036063,0.0123020591314251,0.024207303477979,-0.0665793401962231,-0.0664774563143238,0.0801231486021801,0.0817692243523427,0.0302730266488483,0.0302690409242108,0.382999999999996,1.441
"Sc1_phi0.05_alpha0.01",1,0.05,0.01,100,12,TRUE,TRUE,0.00807849519887335,0.0265295307236618,0.00951671027153379,0.0276222633476363,0.015527444177025,0.0139013277751697,-0.0356413372971452,-0.0316907572410233,0.0595584751505758,0.059591219819052,0.247,1.106
"Sc1_phi0.05_alpha0.01",1,0.05,0.01,100,13,TRUE,TRUE,0.0178801988649972,0.0205407045241633,0.018695438531039,0.0209514703173679,-0.0835147758422515,-0.0853794843030698,0.0437489760735947,0.0492621268151628,0.0466674968136659,0.0468094485786523,0.261000000000003,1.243
"Sc1_phi0.05_alpha0.01",1,0.05,0.01,100,14,TRUE,TRUE,0.022968064029406,0.020322407349774,0.0230556012975153,0.0205722015198719,-0.0923095654494125,-0.0952669196234961,0.0358481752845445,0.042113684907315,0.0373841393043808,0.0367538152362619,0.328000000000003,1.319
"Sc1_phi0.05_alpha0.01",1,0.05,0.01,100,15,TRUE,TRUE,0.00818590495848156,0.023742699644301,0.00788952432057821,0.0241799406462576,-0.16903355684654,-0.169226445270073,0.025495363295225,0.0271174898937067,0.0495772097005136,0.0495474575995936,0.310000000000002,1.45399999999999
"Sc1_phi0.05_alpha0.01",1,0.05,0.01,100,16,TRUE,TRUE,-0.00219143618612913,0.0193191482425127,-0.00308326518717585,0.0195726578913556,-0.327639859972393,-0.327543650353325,0.0190652825253398,0.0185142528998793,0.0361379392794486,0.0361449143523129,0.321000000000005,1.429
"Sc1_phi0.05_alpha0.01",1,0.05,0.01,100,17,TRUE,TRUE,0.0174972739575897,0.0211657228377437,0.0151608562133028,0.021421360802158,-0.0952040035448872,-0.0961485666631965,0.043474539179822,0.0460987568761863,0.0354155080890563,0.0354193858247382,0.334000000000003,1.541
"Sc1_phi0.05_alpha0.01",1,0.05,0.01,100,18,TRUE,TRUE,-0.000533061433669086,0.0226479985897461,0.00311407096173788,0.0234011702463912,0.0895425573283683,0.089412703532043,-0.0184580173973213,-0.0176484741060343,0.0336455504343082,0.0336922490475831,0.240000000000002,1.082
"Sc1_phi0.05_alpha0.01",1,0.05,0.01,100,19,TRUE,TRUE,-0.00403022036372483,0.019198375011206,-0.00414201749673261,0.0194144418147327,-0.238921780897396,-0.238709636499107,0.003393989788067,0.00248315409869199,0.0331412027391875,0.0332201972727816,0.273000000000003,1.138
"Sc1_phi0.05_alpha0.01",1,0.05,0.01,100,20,TRUE,TRUE,0.0094413400553616,0.0232644545728557,0.00969856444578354,0.0237785955353817,-0.130457619740997,-0.13072513283842,-0.0168313472900003,-0.0148474836264152,0.0501848132591242,0.0501598400340861,0.359999999999999,1.48
"Sc1_phi0.05_alpha0.01",1,0.05,0.01,100,21,TRUE,TRUE,-0.00687644486478331,0.0208198002911402,-0.00779046544906265,0.0210984906990884,-0.201715749005137,-0.201724533477793,0.0487291830148896,0.0472300395032213,0.0436960274937212,0.0436884689913408,0.318999999999988,1.423
"Sc1_phi0.05_alpha0.01",1,0.05,0.01,100,22,TRUE,TRUE,0.0139969479139112,0.0247572343511452,0.0128046987484244,0.0253984121283506,-0.308621130137163,-0.309396232727742,0.0508956184224524,0.0541186950075405,0.0411283969079788,0.0412801294994112,0.230999999999995,1.15100000000001
"Sc1_phi0.05_alpha0.01",1,0.05,0.01,100,23,TRUE,TRUE,0.00665104830971617,0.0202072885286206,0.00601107515118384,0.0203470627879401,-0.152391229875448,-0.153166347505776,-0.0122919407540819,-0.0105728546473262,0.0528308759222446,0.0528089928808029,0.394000000000005,1.227
"Sc1_phi0.05_alpha0.01",1,0.05,0.01,100,24,TRUE,TRUE,0.0286984237151351,0.0203791473714388,0.0313844778896873,0.0206436723270294,-0.23489598445315,-0.239823377771574,0.0543365092477628,0.0648645043371893,0.0562992923446242,0.055767117584535,0.26700000000001,1.16300000000001
"Sc1_phi0.05_alpha0.01",1,0.05,0.01,100,25,TRUE,TRUE,0.0116612483094309,0.0207773085782285,0.0101654977830059,0.0212792137842137,-0.176651958019097,-0.17727411483012,0.0446405714346688,0.0481977278085219,0.0387615971811201,0.0385133536244201,0.234999999999999,1.16900000000001
"Sc1_phi0.05_alpha0.01",1,0.05,0.01,100,26,TRUE,TRUE,-0.0160659691937822,0.0226873544110529,-0.0158458906640704,0.0230663596016575,-0.2951762223367,-0.294697602346208,0.0460730615240623,0.0431686763313231,0.0637630061052147,0.0638020448671538,0.349999999999994,1.3
"Sc1_phi0.05_alpha0.01",1,0.05,0.01,100,27,TRUE,TRUE,0.0228208404460776,0.0212287815170836,0.0234826050516283,0.0216228965176595,-0.460576964539479,-0.460285724954352,0.0689087514276925,0.0737813987657485,0.0500803294997141,0.0499940308941348,0.331000000000003,1.437
"Sc1_phi0.05_alpha0.01",1,0.05,0.01,100,28,TRUE,TRUE,0.0373971746396181,0.024793244608608,0.0412835052078782,0.0254483505572985,0.031649289672074,0.0307382066237982,-0.0192334761167581,-0.0130939702415488,0.059694207621397,0.0594207363981049,0.331999999999994,1.471
"Sc1_phi0.05_alpha0.01",1,0.05,0.01,100,29,TRUE,TRUE,-0.0167811107932745,0.0205530397280286,-0.017428147053991,0.0209596918113482,-0.289968673412833,-0.288440982007643,0.055298710843191,0.0498938857388641,0.0340641984323902,0.0342593989950367,0.223000000000013,1.20699999999999
"Sc1_phi0.05_alpha0.01",1,0.05,0.01,100,30,TRUE,TRUE,0.0187496859507309,0.019297299357272,0.0193832432550609,0.0196191865847806,0.00732889097917233,0.00615953414818175,0.0440623498562464,0.0486300588964667,0.0580877076268705,0.0582193535572524,0.395999999999987,1.48399999999999
"Sc1_phi0.05_alpha0.01",1,0.05,0.01,100,31,TRUE,TRUE,0.0120138092131655,0.0221811354515436,0.0115132064311743,0.023132188010188,-0.22985773401735,-0.231440899110596,0.0909138946499995,0.095402943411079,0.0526423919856468,0.0530784157280857,0.253999999999991,1.191
"Sc1_phi0.05_alpha0.01",1,0.05,0.01,100,32,TRUE,TRUE,0.0216555617518069,0.0203188284552366,0.0226899042105117,0.0206406774201712,-0.338172297807277,-0.339040136164377,0.0114122000425025,0.0186120271140917,0.0588853659847974,0.058402365405635,0.278999999999996,1.11
"Sc1_phi0.05_alpha0.01",1,0.05,0.01,100,33,TRUE,TRUE,0.00852476056985864,0.0204492180254923,0.00823427659432439,0.0209336441941771,-0.0917044176659237,-0.0925329695744587,0.00083644367338689,0.00359503060322239,0.0319416014829481,0.0319272513921912,0.264999999999986,1.22500000000001
"Sc1_phi0.05_alpha0.01",1,0.05,0.01,100,34,TRUE,TRUE,0.0468967983356212,0.0200715455977446,0.0487214457749158,0.0203926639564879,-0.306353729454763,-0.30847757265315,-0.000499938550689904,0.0116523885399731,0.0430373793125536,0.0429966424609266,0.314000000000007,1.443
"Sc1_phi0.05_alpha0.01",1,0.05,0.01,100,35,TRUE,TRUE,-0.00249798475740156,0.0217248331699395,-0.000941435157621062,0.0220900853845384,-0.0771493559121,-0.0770496592741507,-0.000969065444946817,-0.00125749033765681,0.0461482779386473,0.0461548191867312,0.276999999999987,1.146
"Sc1_phi0.05_alpha0.01",1,0.05,0.01,100,36,TRUE,TRUE,0.042252191968672,0.0197791439946043,0.0445430851243477,0.0203760136781749,-0.0912578899781823,-0.0922287656390153,0.0235818219898085,0.0371791222235782,0.0438037371511199,0.0440222326654032,0.214999999999989,1.154
"Sc1_phi0.05_alpha0.01",1,0.05,0.01,100,37,TRUE,TRUE,0.040570097747668,0.0191980496456151,0.0403953909417402,0.0195647033803558,-0.140046944687844,-0.145288081103202,0.0210446124837954,0.0336914599579724,0.0501589818798734,0.0505595985075685,0.260999999999996,1.137
"Sc1_phi0.05_alpha0.01",1,0.05,0.01,100,38,TRUE,TRUE,-0.0216303211914523,0.0294771459231151,-0.0258329440193865,0.0299465141247718,-0.154712137184916,-0.15523715955364,0.0998450012876056,0.0967077403217984,0.0523040135308733,0.052101876732879,0.376999999999995,1.482
"Sc1_phi0.05_alpha0.01",1,0.05,0.01,100,39,TRUE,TRUE,0.018049874018137,0.0206630501929481,0.018643318025011,0.0212376009171942,-0.0154816036111689,-0.0172221259025493,0.00414876468323241,0.0102798881683899,0.0442689049919771,0.0442726141241052,0.259999999999991,1.34299999999999
"Sc1_phi0.05_alpha0.01",1,0.05,0.01,100,40,TRUE,TRUE,0.0162082791341445,0.0212732173202076,0.0170934182762603,0.0214654531465168,-0.293798198819948,-0.295246700277682,0.0682068446787155,0.0715202674401429,0.0610706241446542,0.0611105968630832,0.36099999999999,1.479
"Sc1_phi0.5_alpha0.05",1,0.5,0.05,100,1,TRUE,TRUE,0.0350907179128653,0.0213362276422181,0.03631530499905,0.022359298707771,-0.131193192675385,-0.147883122422853,-0.0735847207959409,-0.0201120866926547,0.538774182839904,0.531845222687776,0.289999999999992,1.28800000000001
"Sc1_phi0.5_alpha0.05",1,0.5,0.05,100,2,TRUE,TRUE,0.0276900732652448,0.0203346016522263,0.0346283059680446,0.0219348974617725,-0.40268442264089,-0.408753729532704,0.0958148340003606,0.131752041126902,0.408445640813339,0.404427641862873,0.227000000000004,1.053
"Sc1_phi0.5_alpha0.05",1,0.5,0.05,100,3,TRUE,TRUE,0.0357186066027687,0.0192034107662738,0.0376113617710404,0.0211878902392738,-0.159672472504274,-0.164600626007572,0.0729079407132184,0.116686687546216,0.476874517084218,0.482008849139949,0.277000000000001,1.414
"Sc1_phi0.5_alpha0.05",1,0.5,0.05,100,4,TRUE,TRUE,0.0249841355819452,0.0180124799975413,0.0337685892175851,0.0198406001419334,-0.169039722702638,-0.171000135757172,0.0205041046573885,0.0688245576395578,0.434621099812156,0.427393424230203,0.217999999999989,1.01000000000001
"Sc1_phi0.5_alpha0.05",1,0.5,0.05,100,5,TRUE,TRUE,0.0397433297147993,0.020410284458756,0.042212558177342,0.0220357162677989,-0.232027134089278,-0.24457029914618,0.0092757767278591,0.0462929287040134,0.481943638390948,0.480830989740132,0.362000000000009,1.479
"Sc1_phi0.5_alpha0.05",1,0.5,0.05,100,6,TRUE,TRUE,0.0139124659323545,0.0192984863266101,0.0156664276046773,0.0207323282833175,-0.173458010543626,-0.174920504485258,-0.0136215563421798,0.00117169448457057,0.454627826782514,0.45599580396364,0.307000000000002,1.238
"Sc1_phi0.5_alpha0.05",1,0.5,0.05,100,7,TRUE,TRUE,0.0905699008417881,0.0285148605491393,0.0938787384709424,0.0334926047282054,-0.245635641490447,-0.285009667078143,-0.0180982799595984,0.0836165022551562,0.495620933258355,0.481877064374119,0.230999999999995,1.099
"Sc1_phi0.5_alpha0.05",1,0.5,0.05,100,8,TRUE,TRUE,0.0260788503190077,0.0202917287142634,0.0369001622608613,0.022288791550846,-0.342596826476523,-0.326450639754398,-0.0161624557292197,0.00652943969619835,0.444786608521571,0.444060576615522,0.288999999999987,1.242
"Sc1_phi0.5_alpha0.05",1,0.5,0.05,100,9,TRUE,TRUE,0.0391297566229508,0.0281868932714394,0.047248035666863,0.0323199188273494,-0.123097172140738,-0.126761676073261,-0.117090921099543,-0.0854071882018482,0.571125514786308,0.570282612377076,0.346000000000004,1.196
"Sc1_phi0.5_alpha0.05",1,0.5,0.05,100,10,TRUE,TRUE,0.0492250797819161,0.0216703026877483,0.0523877895550878,0.0229470927850362,-0.0737270645059014,-0.0941931607320282,-0.1158369246987,-0.0384154643689458,0.553587584939566,0.545809922450633,0.319999999999993,1.128
"Sc1_phi0.5_alpha0.05",1,0.5,0.05,100,11,TRUE,TRUE,0.0522839514107025,0.0202564156655672,0.0675131823144135,0.0230707339661824,-0.117213848808762,-0.106007482802874,-0.0671549181025131,-0.019064748167596,0.434945350973246,0.437561552153589,0.325000000000003,1.44199999999999
"Sc1_phi0.5_alpha0.05",1,0.5,0.05,100,12,TRUE,TRUE,0.0614045788116786,0.027763485579325,0.0660126535698162,0.0315314619317444,0.055696714567002,0.0419326854924635,-0.0122688165177873,0.0364298123531042,0.568971971382537,0.563146409770469,0.301000000000002,1.474
"Sc1_phi0.5_alpha0.05",1,0.5,0.05,100,13,TRUE,TRUE,0.0679203081854849,0.0296721002664573,0.070853372772587,0.032887705443031,0.0528963882148358,0.0366070301038411,-0.108087900960278,-0.0578829568073432,0.686761081410023,0.681638868100406,0.350000000000009,1.31699999999999
"Sc1_phi0.5_alpha0.05",1,0.5,0.05,100,14,TRUE,TRUE,0.0206584626844647,0.0227776671611567,0.0232563532512526,0.0274888006303041,-0.396307188456206,-0.404925371202846,0.10688476618776,0.13665986528943,0.475892931745827,0.477142468003256,0.225000000000009,1.13699999999999
"Sc1_phi0.5_alpha0.05",1,0.5,0.05,100,15,TRUE,TRUE,0.0213343600255495,0.0216963256164256,0.0189135971738025,0.0231087803823701,-0.0340558025348175,-0.0348751452929102,-0.0560621968890751,-0.0395586604272586,0.619237779085476,0.61903409732649,0.304999999999993,1.432
"Sc1_phi0.5_alpha0.05",1,0.5,0.05,100,16,TRUE,TRUE,0.0110641857951566,0.0274665397613657,0.0111822921479611,0.0309849674183156,-0.0574645038027393,-0.0606835823863416,0.017744012468268,0.0316520440594781,0.587160744222287,0.585595220250433,0.203000000000003,1.04300000000002
"Sc1_phi0.5_alpha0.05",1,0.5,0.05,100,17,TRUE,TRUE,0.0539809338819282,0.0280219034175252,0.0717647652249821,0.0326972000206359,-0.16159269991307,-0.148397122257352,0.0442684462019386,0.0719995287733973,0.520037676730222,0.517117927701522,0.324999999999989,1.30699999999999
"Sc1_phi0.5_alpha0.05",1,0.5,0.05,100,18,TRUE,TRUE,0.0795465889966916,0.0291819528564022,0.080590116189612,0.0358983811278782,0.0370819142267324,0.00709143767988048,-0.00840755236255785,0.0823391576203435,0.640804721919378,0.630850132661754,0.287999999999982,1.23600000000002
"Sc1_phi0.5_alpha0.05",1,0.5,0.05,100,19,TRUE,TRUE,0.0770708531191854,0.0281716395546158,0.087316206135179,0.0318206466855891,-0.252380967547345,-0.261961441001146,-0.0335963936373503,0.0245109608585498,0.512896850564718,0.499822404947693,0.303000000000026,1.37
"Sc1_phi0.5_alpha0.05",1,0.5,0.05,100,20,TRUE,TRUE,0.0381264663822858,0.0198927766218795,0.040000779212149,0.0235671785111896,-0.097089230144062,-0.117653869686916,-0.0255884982372199,0.0329650367025994,0.495567171397294,0.50220519870578,0.22799999999998,1.12100000000001
"Sc1_phi0.5_alpha0.05",1,0.5,0.05,100,21,TRUE,TRUE,0.0395540439784532,0.0353976354625841,0.0394385534761138,0.0373760960296001,-0.0144675282602734,-0.0235190128668594,-0.16152020407763,-0.136396184896863,0.557342140713265,0.559549626970593,0.323000000000008,1.23500000000001
"Sc1_phi0.5_alpha0.05",1,0.5,0.05,100,22,TRUE,TRUE,0.0278158537524545,0.0202798823904313,0.031053926150855,0.0219731758818271,-0.267658910929482,-0.270254340556907,0.144509068470639,0.172094034762724,0.457427455118554,0.455529402871465,0.326999999999998,1.24000000000001
"Sc1_phi0.5_alpha0.05",1,0.5,0.05,100,23,TRUE,TRUE,-0.0244264393656299,0.0189223530630031,-0.0247033156195421,0.0202593489503171,0.0218574748104272,0.023985162790852,-0.144933999638426,-0.171180914892244,0.497861784781415,0.49857443677032,0.285999999999973,1.35400000000001
"Sc1_phi0.5_alpha0.05",1,0.5,0.05,100,24,TRUE,TRUE,0.0621571595908016,0.019328246137861,0.0674788540901398,0.0217912147092213,-0.371600415942702,-0.382028686311588,0.0714254110874409,0.118443941199476,0.455872883688499,0.454180089422619,0.33499999999998,1.507
"Sc1_phi0.5_alpha0.05",1,0.5,0.05,100,25,TRUE,TRUE,0.0352555060946061,0.0197019291909769,0.0385388575722365,0.0215058238554164,-0.131701886201637,-0.142008333977386,0.111482618419097,0.152205713064445,0.505570086773041,0.500430898170555,0.300999999999988,1.239
"Sc1_phi0.5_alpha0.05",1,0.5,0.05,100,26,TRUE,TRUE,0.0499233438100802,0.0182288693994007,0.0542722791778453,0.0195633724107622,0.0844082291732217,0.0817591017183733,-0.226516498899645,-0.17453885279704,0.400907254381935,0.402438405270191,0.329000000000008,1.37
"Sc1_phi0.5_alpha0.05",1,0.5,0.05,100,27,TRUE,TRUE,0.0535798286348366,0.022913217153697,0.0542176034250804,0.0249122086179284,0.107156306260706,0.0867879069130397,-0.0647062948290124,-0.00805704266703019,0.507041570037013,0.500635004208526,0.301000000000016,1.29599999999999
"Sc1_phi0.5_alpha0.05",1,0.5,0.05,100,28,TRUE,TRUE,0.012996966623865,0.0218822689620541,0.016425823258567,0.0234145042638188,-0.126937075753362,-0.12916275419326,-0.087948764951347,-0.0726791340721539,0.621930940132098,0.622155301172744,0.332999999999998,1.279
"Sc1_phi0.5_alpha0.05",1,0.5,0.05,100,29,TRUE,TRUE,0.0275788936761741,0.0257056178997188,0.0335563717294353,0.0280472560521384,-0.251413410179572,-0.251984212963749,-0.100830954419155,-0.0713619052728689,0.559707515311449,0.555408990225457,0.294000000000011,1.322
"Sc1_phi0.5_alpha0.05",1,0.5,0.05,100,30,TRUE,TRUE,0.0313525309202085,0.0220236031678055,0.0341865592388433,0.0236640335953059,0.078289968342162,0.0740083147063496,-0.12092772776057,-0.100441704231439,0.498419359025066,0.49656016066983,0.402000000000015,1.37
"Sc1_phi0.5_alpha0.05",1,0.5,0.05,100,31,TRUE,TRUE,0.0477808719948564,0.0245059391311589,0.05780257133506,0.0286943941073121,-0.0263438231308268,-0.0292066417062451,-0.0184796464415971,0.0194367816471709,0.440547608651484,0.438540175689689,0.325999999999993,1.28700000000001
"Sc1_phi0.5_alpha0.05",1,0.5,0.05,100,32,TRUE,TRUE,0.0659153459742459,0.0230726219478032,0.0764073852917207,0.0257509249938632,-0.302232117616285,-0.330410326073484,0.0421967428149013,0.136475537860672,0.441438299808481,0.421644605134195,0.269000000000005,1.26900000000001
"Sc1_phi0.5_alpha0.05",1,0.5,0.05,100,33,TRUE,TRUE,0.0297650922477774,0.0235343507711013,0.032614592387703,0.0253619865919375,-0.375935819397221,-0.385452020472597,0.118152272135504,0.146199459616823,0.581387763222762,0.578004968306494,0.341000000000008,1.32400000000001
"Sc1_phi0.5_alpha0.05",1,0.5,0.05,100,34,TRUE,TRUE,0.0178830654166077,0.0220622188017128,0.0226079742763257,0.023975290628852,-0.296889419732746,-0.29671779265586,0.112947815905929,0.131050356977283,0.382181151312934,0.383580091619171,0.288999999999987,1.31700000000001
"Sc1_phi0.5_alpha0.05",1,0.5,0.05,100,35,TRUE,TRUE,0.0917352003092693,0.0216226677812641,0.0999744627124019,0.0247571374136363,-0.351757060828625,-0.372691513104348,0.100048860118855,0.180133747003508,0.418588630585142,0.412195687450269,0.301000000000016,1.37299999999999
"Sc1_phi0.5_alpha0.05",1,0.5,0.05,100,36,TRUE,TRUE,0.0691945946189831,0.0249223979526844,0.0782092477650247,0.0276416905026713,-0.434026217401762,-0.467911596032519,0.0685737436580543,0.172170932240079,0.447946486899073,0.430686402192186,0.209000000000032,1.14400000000001
"Sc1_phi0.5_alpha0.05",1,0.5,0.05,100,37,TRUE,TRUE,0.0586674723191678,0.02740678556064,0.0731369880026703,0.0330852045883356,-0.205426435349497,-0.202854134914209,-0.0187350008135949,0.0340766855128846,0.61996643285294,0.61736667746039,0.303000000000026,1.28800000000001
"Sc1_phi0.5_alpha0.05",1,0.5,0.05,100,38,TRUE,TRUE,0.024744265246197,0.023550244210905,0.0242252272153353,0.024711444094514,-0.175732875028846,-0.178052954924439,-0.039003072732167,-0.0204633249087878,0.541913074539918,0.536860831415418,0.329999999999984,1.29600000000002
"Sc1_phi0.5_alpha0.05",1,0.5,0.05,100,39,TRUE,TRUE,0.0787874243256638,0.0369788721710601,0.125096030561552,0.0603139839170684,0.0277998310655014,0.0445291327987576,-0.117764945468648,-0.0685534955903209,0.522135584619985,0.522848964142394,0.324999999999989,1.221
"Sc1_phi0.5_alpha0.05",1,0.5,0.05,100,40,TRUE,TRUE,0.0396128946351565,0.0264060083227972,0.048624098307073,0.0296803752169219,-0.260069887045183,-0.266070551172207,-0.00366979557405478,0.032032353603744,0.55296501720878,0.55463839910272,0.324000000000012,1.333
"Sc1_phi0.5_alpha0.1",1,0.5,0.1,100,1,TRUE,TRUE,0.0594773223144348,0.023489032855002,0.080041015820408,0.0291724760881243,-0.16284210815597,-0.15223297019193,-0.124483636657494,-0.0476846560216687,0.57613924797591,0.571130459905227,0.271000000000015,1.279
"Sc1_phi0.5_alpha0.1",1,0.5,0.1,100,2,TRUE,TRUE,0.0573240555689041,0.032707051416572,0.0673155275454302,0.0364799092673978,-0.413282274435869,-0.419331781356402,-0.0456213743884293,0.0245878780480591,0.632790324579651,0.622871428633133,0.26400000000001,1.22499999999999
"Sc1_phi0.5_alpha0.1",1,0.5,0.1,100,3,TRUE,TRUE,0.114915446117031,0.0241246558155425,0.132804540464364,0.0321509219481835,-0.193025334751537,-0.19114380449318,-0.029471690741718,0.094351367740573,0.478732285140835,0.451514350143741,0.259999999999991,1.15199999999999
"Sc1_phi0.5_alpha0.1",1,0.5,0.1,100,4,TRUE,TRUE,0.110041451270009,0.0262214303664025,0.174632472136227,0.0482004465533687,-0.226778840979741,-0.159997188035272,-0.094699172426621,-0.00535619891959828,0.453293831553416,0.457483064816595,0.275999999999982,1.15900000000002
"Sc1_phi0.5_alpha0.1",1,0.5,0.1,100,5,TRUE,TRUE,0.0877275442951943,0.0249906555307287,0.10497310440037,0.0302886802651373,-0.00592835635717321,-0.00284948699841459,-0.144976761382361,-0.0109761841934171,0.559315521606969,0.53526538956632,0.236999999999995,1.19200000000001
"Sc1_phi0.5_alpha0.1",1,0.5,0.1,100,6,TRUE,TRUE,0.10348424417751,0.024654928167595,0.144544992516571,0.0491777651226687,-0.227927437764251,-0.212560288742574,-0.0941036454429869,0.059606885541362,0.578519181617685,0.565811062026134,0.255000000000024,1.25800000000001
"Sc1_phi0.5_alpha0.1",1,0.5,0.1,100,7,TRUE,TRUE,0.0888081834985036,0.0235121105516045,0.112657643152792,0.033140850933126,-0.393452570278241,-0.394278732411777,-0.0435980432834995,0.0651338487326037,0.534329536451331,0.530185387756598,0.293000000000006,1.274
"Sc1_phi0.5_alpha0.1",1,0.5,0.1,100,8,TRUE,TRUE,0.225451574528623,0.0768347841699662,0.239145979469433,0.127165273342959,-0.0341368318036371,-0.0497191337486115,-0.136865283733233,0.0016163280914466,0.684937248471191,0.657712679910866,0.281000000000006,1.286
"Sc1_phi0.5_alpha0.1",1,0.5,0.1,100,9,TRUE,TRUE,0.0345718665569431,0.0281100022371767,0.0376583196635949,0.0307299050743488,-0.101453506369875,-0.107324192091216,-0.0860693460244813,-0.0267289624883772,0.620142263511838,0.620412415143356,0.245999999999981,1.21700000000001
"Sc1_phi0.5_alpha0.1",1,0.5,0.1,100,10,TRUE,TRUE,0.0701575364015751,0.0235803328389551,0.0920394351531221,0.0285985805552314,0.0105366797808327,0.0279986590377623,-0.193360420310039,-0.093579635845506,0.497790596249427,0.49158301487586,0.240000000000009,1.14399999999998
"Sc1_phi0.5_alpha0.1",1,0.5,0.1,100,11,TRUE,TRUE,0.0841867701675258,0.0211778237428727,0.116056801437524,0.0306467047029286,-0.166494532256968,-0.152445197709246,-0.136514047569039,0.0461769646331734,0.534612166145984,0.55674671386973,0.157999999999987,1.09200000000001
"Sc1_phi0.5_alpha0.1",1,0.5,0.1,100,12,TRUE,TRUE,0.100443113712997,0.0276254630270874,0.118525829757335,0.0320684512234249,-0.233617884501821,-0.211150821495818,-0.240671651870054,-0.11215447166257,0.543586499845659,0.53192698465076,0.283000000000015,1.167
"Sc1_phi0.5_alpha0.1",1,0.5,0.1,100,13,TRUE,TRUE,0.0576696404593811,0.0259459758030002,0.0890824148718207,0.0365212677245175,-0.259225122539831,-0.274121322845478,0.215297162558814,0.368828169662943,0.476100073490375,0.477469957169211,0.189999999999998,0.865000000000009
"Sc1_phi0.5_alpha0.1",1,0.5,0.1,100,14,TRUE,TRUE,0.0979382758314044,0.0284591755679453,0.131395862082664,0.0411424879871774,-0.0113996368470554,-0.000329138730224637,-0.305306721293064,-0.16741294511669,0.647698483007837,0.607914818206382,0.208000000000027,0.887999999999977
"Sc1_phi0.5_alpha0.1",1,0.5,0.1,100,15,TRUE,TRUE,0.098861220731702,0.0387090269653492,0.145424747295147,0.0654302716158149,-0.0811706209521386,-0.0836404901450087,-0.331513987297231,-0.185574541339801,0.670710995545886,0.658252097173399,0.232000000000028,0.917000000000002
"Sc1_phi0.5_alpha0.1",1,0.5,0.1,100,16,TRUE,TRUE,0.0619911011610476,0.0206024674270271,0.0706513059198561,0.0247263431701205,-0.350619920773651,-0.372484387794101,0.0293839266393791,0.140623795399534,0.51611455265723,0.497330908947321,0.225000000000023,1.114
"Sc1_phi0.5_alpha0.1",1,0.5,0.1,100,17,TRUE,TRUE,0.117415967117087,0.0242895138403053,0.147670794536125,0.0362382514410465,-0.0497488145651309,-0.0782244269545247,0.132300695240958,0.30086200184074,0.397343825914509,0.392925663417026,0.268000000000001,1.209
"Sc1_phi0.5_alpha0.1",1,0.5,0.1,100,18,TRUE,TRUE,0.106161297469082,0.0357740161089785,0.189254508122944,0.0842791107334273,-0.197865457765107,-0.171382531627665,-0.0838034514600717,0.0441548758324799,0.691451304861019,0.691166057919941,0.231999999999999,1.11700000000002
"Sc1_phi0.5_alpha0.1",1,0.5,0.1,100,19,TRUE,TRUE,0.0691891612183847,0.025693149325183,0.0960993321780418,0.03208296597156,-0.10760018843918,-0.0919700339421978,-0.0517035766728387,0.0185331214000077,0.513842034511921,0.513216640076409,0.255999999999972,1.10599999999999
"Sc1_phi0.5_alpha0.1",1,0.5,0.1,100,20,TRUE,TRUE,0.0890550752298826,0.0237936662692022,0.0981627029433797,0.0259348638842969,0.0601694354340714,0.05961470516237,-0.304830192047268,-0.164551258560561,0.47686912996682,0.465089478208141,0.27000000000001,1.214
"Sc1_phi0.5_alpha0.1",1,0.5,0.1,100,21,TRUE,TRUE,0.106726961325022,0.0224647675836713,0.111311083737771,0.02852967704798,-0.155382013529524,-0.18577815901078,-0.0290917187841674,0.171293308943441,0.456138147661441,0.420573416071262,0.217000000000013,1.078
"Sc1_phi0.5_alpha0.1",1,0.5,0.1,100,22,TRUE,TRUE,0.0689113898336007,0.0228383764407674,0.0820701683032565,0.0280167677709159,-0.237094862227027,-0.26126954536249,-0.142654747982205,0.0243381221566265,0.635453236478349,0.619268134137467,0.167000000000002,1.01599999999999
"Sc1_phi0.5_alpha0.1",1,0.5,0.1,100,23,TRUE,TRUE,0.101296915453427,0.0242865790717408,0.211397264098056,0.0643794956829204,-0.148345060917642,-0.117439135272903,-0.0789917615087437,0.0699440449055358,0.554380465048938,0.587403875646811,0.204000000000008,1.023
"Sc1_phi0.5_alpha0.1",1,0.5,0.1,100,24,TRUE,TRUE,0.133666751805114,0.0305435357345644,0.162429121876006,0.0488088640312699,-0.36097272003654,-0.345590831762908,0.0448785748125853,0.190945575787535,0.573734885984685,0.543552127930869,0.219000000000023,1.155
"Sc1_phi0.5_alpha0.1",1,0.5,0.1,100,25,TRUE,TRUE,0.0912120089996702,0.0241759985762926,0.116017978981857,0.0344533241436342,-0.315027181038825,-0.321953449640491,-0.039923578395498,0.0926120988414386,0.504117655812329,0.489734467693636,0.260999999999996,1.44300000000001
"Sc1_phi0.5_alpha0.1",1,0.5,0.1,100,26,TRUE,TRUE,0.0745116113845337,0.0275773998479723,0.10156763432992,0.0368914938059296,-0.191062736751202,-0.171174508887934,-0.187266953302127,-0.112443043808651,0.554037333348817,0.540530577659722,0.269999999999982,1.203
"Sc1_phi0.5_alpha0.1",1,0.5,0.1,100,27,TRUE,TRUE,0.0874595063745882,0.0250476757842945,0.100895360099547,0.028887418160442,0.14278630884449,0.134511551822224,-0.221559622620863,-0.0882276632803515,0.583437427649282,0.56130172454399,0.263999999999982,1.173
"Sc1_phi0.5_alpha0.1",1,0.5,0.1,100,28,TRUE,TRUE,0.0838022517696415,0.0198153101523556,0.112170331457416,0.0252238662089681,-0.310745511133544,-0.289822769549409,-0.0183477530365426,0.100676307862506,0.496170362290308,0.497098987485647,0.231999999999999,1.20699999999999
"Sc1_phi0.5_alpha0.1",1,0.5,0.1,100,29,TRUE,TRUE,0.076939543735105,0.028308321363476,0.102784211583901,0.0400275039427103,-0.069905859438565,-0.0662051006698459,-0.1075544093786,0.0119153420984927,0.687632206862268,0.661475126702044,0.219999999999999,1.11399999999998
"Sc1_phi0.5_alpha0.1",1,0.5,0.1,100,30,TRUE,TRUE,0.069535428003679,0.0281747166476651,0.109902388636998,0.0363624900300413,-0.146266682708809,-0.170476759532869,-0.294267294093705,-0.110140300273474,0.64509371004658,0.620607687722567,0.217999999999989,0.984000000000009
"Sc1_phi0.5_alpha0.1",1,0.5,0.1,100,31,TRUE,TRUE,0.104373754478527,0.0275302741934561,0.119528103487176,0.0332957369145109,-0.152800185842994,-0.154164129698048,-0.0166893272835327,0.131114742097638,0.577655156236737,0.545004100914365,0.259000000000015,1.15199999999999
"Sc1_phi0.5_alpha0.1",1,0.5,0.1,100,32,TRUE,TRUE,0.0855966044389799,0.023251657079893,0.0997307895205232,0.0285881929446748,0.0511849299510424,0.0571920250959096,-0.0364130877934278,0.0983538067397312,0.448505416254316,0.418409856265858,0.27000000000001,0.977000000000004
"Sc1_phi0.5_alpha0.1",1,0.5,0.1,100,33,TRUE,TRUE,0.0822775553927636,0.0270443426342468,0.113686108443718,0.0362830588364449,-0.0177701880423609,0.0227887737101404,-0.0676291128084505,0.0110560604455995,0.540941936644665,0.525050278725837,0.260000000000019,1.07400000000001
"Sc1_phi0.5_alpha0.1",1,0.5,0.1,100,34,TRUE,TRUE,0.0597690336065693,0.0248949823811247,0.0882867955501674,0.0324584190320674,0.00508015444961958,-0.0196530719268339,-0.228369320002928,-0.0385905053537021,0.604678373585607,0.599150741451743,0.15300000000002,0.869
"Sc1_phi0.5_alpha0.1",1,0.5,0.1,100,35,TRUE,TRUE,0.108461196805753,0.0275687002338898,0.126223534879738,0.0397618150718332,-0.211953587387407,-0.229921536352679,-0.0201502227515976,0.166410418576538,0.521384748403612,0.479375092279482,0.248999999999995,1.108
"Sc1_phi0.5_alpha0.1",1,0.5,0.1,100,36,TRUE,TRUE,0.0768067247139261,0.0231119148677681,0.0910760835675782,0.0277476742140069,-0.184022870512767,-0.184036791536856,-0.0352157363264413,0.0619747114096993,0.541847476071297,0.532892175644934,0.281000000000034,1.13499999999999
"Sc1_phi0.5_alpha0.1",1,0.5,0.1,100,37,TRUE,TRUE,0.0791836893739915,0.0269728795424983,0.0878974852299604,0.0295268570549033,-0.118853798378082,-0.113410917791443,-0.120876335585803,-0.00865004596596721,0.514547465399405,0.4925573505606,0.229000000000013,1.20599999999999
"Sc1_phi0.5_alpha0.1",1,0.5,0.1,100,38,TRUE,TRUE,0.0674911269198129,0.0324818548764513,0.0986502545664995,0.0456036509906357,-0.232287307306693,-0.208730884731745,-0.053386716317714,0.0134510960960722,0.610187603438907,0.587779893849942,0.215000000000003,1.048
"Sc1_phi0.5_alpha0.1",1,0.5,0.1,100,39,TRUE,TRUE,0.209798840310225,0.0451464403064621,0.227008590711266,0.0917415548670673,-0.366100794464689,-0.395780045575031,0.00663006510727332,0.284322145221075,0.677807882889159,0.601246079516608,0.223000000000013,1.21299999999999
"Sc1_phi0.5_alpha0.1",1,0.5,0.1,100,40,TRUE,TRUE,0.0702305820847464,0.0215327308167195,0.0889034818417315,0.026707428523195,-0.117489387401441,-0.118184340487982,0.0460222490337347,0.161218971213984,0.553332176924112,0.553694013433411,0.173999999999978,1.22200000000001
"Sc2_phi0.5_alpha-0.1",2,0.5,-0.1,100,1,TRUE,TRUE,-0.0568825883352917,0.0709684500089439,-0.0537492891855917,0.0785082324268657,0.758512427129744,0.763400066503143,-0.237986938897751,-0.251195031305261,0.382664222629604,0.384162810255745,0.259000000000015,1.096
"Sc2_phi0.5_alpha-0.1",2,0.5,-0.1,100,2,TRUE,TRUE,-0.140845529019433,0.0640413063864314,-0.197584142109711,0.0784762702209205,0.772268347567242,0.80134223405937,-0.11782950324211,-0.191771087944598,0.460055736732704,0.465502317201258,0.252999999999986,0.961000000000013
"Sc2_phi0.5_alpha-0.1",2,0.5,-0.1,100,3,TRUE,TRUE,-0.115023386964884,0.0555057835403374,-0.142110723417049,0.0640539690733402,0.0572738873494008,0.074985018860495,0.0683704691488364,0.019148717258101,0.470594126386918,0.477135710419174,0.272999999999996,1.03
"Sc2_phi0.5_alpha-0.1",2,0.5,-0.1,100,4,TRUE,TRUE,-0.0935840994639647,0.0643435939334539,-0.107287920925774,0.0707379476070628,0.101981379242894,0.10747946701321,-0.0719962738727155,-0.0937036648672324,0.550329654302163,0.550074361890907,0.396000000000015,1.20399999999998
"Sc2_phi0.5_alpha-0.1",2,0.5,-0.1,100,5,TRUE,TRUE,-0.00899398061602033,0.066766819016836,-0.00144477369058577,0.0734668254871819,0.753910780819232,0.75396902454864,-0.240505210833776,-0.240858295650607,0.522155595867438,0.522114987855056,0.251999999999981,1.02100000000002
"Sc2_phi0.5_alpha-0.1",2,0.5,-0.1,100,6,TRUE,TRUE,-0.0131035378481426,0.0598294464825797,-0.015664198202032,0.0670117817508737,0.447027161989184,0.448981090649536,-0.0650155652542426,-0.0703503158624873,0.571772931451544,0.571082202161223,0.259999999999962,1.018
"Sc2_phi0.5_alpha-0.1",2,0.5,-0.1,100,7,TRUE,TRUE,-0.203052416025786,0.0765413093622287,-0.225913255458403,0.0851566812234929,0.617852397785367,0.630045969231957,-0.112760808001255,-0.14765325753459,0.567134409486026,0.55754875474394,0.38900000000001,1.244
"Sc2_phi0.5_alpha-0.1",2,0.5,-0.1,100,8,TRUE,TRUE,-0.126777139108387,0.0642087831626027,-0.141320065248969,0.0715662615757263,0.159483998829301,0.18277176918874,-0.0887251635310615,-0.137667758146392,0.409140721550561,0.398576965694934,0.264999999999986,1.06699999999998
"Sc2_phi0.5_alpha-0.1",2,0.5,-0.1,100,9,TRUE,TRUE,-0.123899041474578,0.069266810220336,-0.131422154738027,0.0781049373081145,0.492908623531582,0.50814868152462,-0.213583729010243,-0.240152215236556,0.627255055863511,0.635931295863509,0.262,1.03100000000001
"Sc2_phi0.5_alpha-0.1",2,0.5,-0.1,100,10,TRUE,TRUE,-0.0619189981950505,0.0647087265604632,-0.060837923513306,0.0782036584722112,0.299734132888835,0.312791713958979,-0.141329423941239,-0.167969722112311,0.468508931751146,0.474640260275408,0.242999999999995,1.03799999999998
"Sc2_phi0.5_alpha-0.1",2,0.5,-0.1,100,11,TRUE,TRUE,-0.0555963671499475,0.0734773434214716,-0.0543170882353157,0.0793893888338452,0.223638124293948,0.225442901916438,-0.0757590806392286,-0.0828047651819383,0.552089289080035,0.550624713737911,0.409999999999968,1.18900000000002
"Sc2_phi0.5_alpha-0.1",2,0.5,-0.1,100,12,TRUE,TRUE,-0.11433340259726,0.0789471406382183,-0.134315474062555,0.0884133035095761,0.333125205902701,0.331057251695002,-0.0744903681494375,-0.0931871724201341,0.648806469633388,0.651803270066996,0.368000000000023,1.28199999999998
"Sc2_phi0.5_alpha-0.1",2,0.5,-0.1,100,13,TRUE,TRUE,-0.0450153542141887,0.0616321475370778,-0.047867239784548,0.0654474648543235,0.430558151545052,0.431190365437503,-0.135160639532329,-0.142611924107251,0.516909205184693,0.515957025608177,0.370000000000005,1.46399999999997
"Sc2_phi0.5_alpha-0.1",2,0.5,-0.1,100,14,TRUE,TRUE,-0.123371648471702,0.0740991763300386,-0.126361888797329,0.0833626095296556,0.196004218793961,0.203189278220118,-0.188053456549341,-0.211456214670018,0.519707430049545,0.51708010504449,0.366999999999962,1.26400000000001
"Sc2_phi0.5_alpha-0.1",2,0.5,-0.1,100,15,TRUE,TRUE,-0.163945738505748,0.0630137361256982,-0.176972979022468,0.0723211320001394,0.541833932597822,0.581717271422212,-0.193932760761012,-0.261902710710439,0.499272002494639,0.490378569873076,0.324000000000012,1.13599999999997
"Sc2_phi0.5_alpha-0.1",2,0.5,-0.1,100,16,TRUE,TRUE,-0.116366983762549,0.0650302800560029,-0.13570533941892,0.0724838127243471,0.384315503720475,0.390289167582138,-0.0356959493346167,-0.0671086268594526,0.468713646482579,0.474180788819921,0.287999999999954,1.16700000000003
"Sc2_phi0.5_alpha-0.1",2,0.5,-0.1,100,17,TRUE,TRUE,-0.0661041268708412,0.0666600330562231,-0.0787418671766965,0.0723202343271614,0.241718994168624,0.243880558421853,0.0156196689359109,0.00242029694470178,0.567312838564103,0.569816850881324,0.306999999999903,1.16699999999997
"Sc2_phi0.5_alpha-0.1",2,0.5,-0.1,100,18,TRUE,TRUE,-0.0504926518886356,0.0688725663633347,-0.0536629090329965,0.0776883633645469,0.520839036025695,0.527786776983392,-0.11005932507937,-0.126264718948542,0.405463163778434,0.405461997821265,0.369000000000028,1.21499999999997
"Sc2_phi0.5_alpha-0.1",2,0.5,-0.1,100,19,TRUE,TRUE,-0.0280419546517729,0.0672029860816089,-0.0158695311975756,0.0755710982223307,0.275163780793786,0.27773213785699,-0.217442622978139,-0.222817210795731,0.475918318542406,0.476184220560632,0.283999999999992,1.20699999999999
"Sc2_phi0.5_alpha-0.1",2,0.5,-0.1,100,20,TRUE,TRUE,-0.147246875407989,0.0768306118925641,-0.173342513540275,0.0864328654102501,0.62212025942681,0.629093267212533,-0.15002174580214,-0.180702410499447,0.513093343971269,0.509613915103574,0.384999999999991,1.10000000000002
"Sc2_phi0.5_alpha-0.1",2,0.5,-0.1,100,21,TRUE,TRUE,0.0384143588808906,0.0735972519898934,0.0469561035499838,0.0791670521136027,0.378204273819785,0.37216778161639,-0.132842586502632,-0.122832489952826,0.543593115773421,0.545402915847295,0.275999999999954,1.25200000000001
"Sc2_phi0.5_alpha-0.1",2,0.5,-0.1,100,22,TRUE,TRUE,-0.297284036816228,0.0768954745725677,-0.336707552689381,0.0914669003159031,0.474351278840919,0.477221861976164,-0.0585817305521334,-0.0991732734772694,0.547680428459616,0.540464505847531,0.420999999999992,1.399
"Sc2_phi0.5_alpha-0.1",2,0.5,-0.1,100,23,TRUE,TRUE,-0.0646124639089717,0.0714321124022853,-0.0841809811887799,0.0807299492034256,0.476276818885578,0.49005553534578,-0.0335664824361746,-0.0572106233063221,0.523952131611313,0.522109837826539,0.281999999999982,1.084
"Sc2_phi0.5_alpha-0.1",2,0.5,-0.1,100,24,TRUE,TRUE,-0.131277479443891,0.0663752415799655,-0.141051415933853,0.0730880842838029,0.167178994459072,0.199525012530867,-0.0282248920716874,-0.085650737342184,0.713000627964443,0.686761742864673,0.30299999999994,1.15200000000004
"Sc2_phi0.5_alpha-0.1",2,0.5,-0.1,100,25,TRUE,TRUE,-0.161375046046283,0.0738056627319722,-0.233900776614169,0.106087672646095,0.258031559614135,0.284794411689113,0.0399938104145516,-0.0331807289106108,0.635532955105134,0.643897645346987,0.303000000000054,1.053
"Sc2_phi0.5_alpha-0.1",2,0.5,-0.1,100,26,TRUE,TRUE,-0.0389025657840516,0.0688554602394867,-0.0478147614134262,0.0750416873917187,-0.073017867660651,-0.0711667324009294,0.0304714987398197,0.0204326810270767,0.534451981023952,0.53368815560864,0.24799999999999,1.00399999999996
"Sc2_phi0.5_alpha-0.1",2,0.5,-0.1,100,27,TRUE,TRUE,-0.107701676411764,0.0654648618568747,-0.117299267853916,0.0729546953710226,0.310723851844931,0.330032371584014,-0.074846755066582,-0.117142421666565,0.474802603738473,0.464300344516769,0.283000000000015,1.05899999999997
"Sc2_phi0.5_alpha-0.1",2,0.5,-0.1,100,28,TRUE,TRUE,-0.1071300645881,0.0824076807414601,-0.128422498524616,0.0929534812599532,0.51368223777756,0.512047535337733,-0.158856063807827,-0.177672650541156,0.584947866814004,0.586869526801482,0.379999999999995,1.32499999999999
"Sc2_phi0.5_alpha-0.1",2,0.5,-0.1,100,29,TRUE,TRUE,-0.127244865001464,0.0708415861112544,-0.148465158942003,0.0803757934425893,0.730610798482684,0.759240730903538,-0.121020150385306,-0.170207728140805,0.419978427199727,0.402040532328852,0.276999999999987,1.10199999999998
"Sc2_phi0.5_alpha-0.1",2,0.5,-0.1,100,30,TRUE,TRUE,-0.0818418298536195,0.0829349468358399,-0.0857791308234892,0.0911972516994724,0.283812008394555,0.28463183259726,-0.161428472686847,-0.177156088095637,0.57178654100096,0.569949607963167,0.487999999999943,1.24200000000002
"Sc2_phi0.5_alpha-0.1",2,0.5,-0.1,100,31,TRUE,TRUE,-0.0843307973899787,0.0664595917191463,-0.0938251490180406,0.0721933049781626,0.368174369581197,0.374063491822302,-0.0948269642303846,-0.113085277257084,0.618580722858493,0.61529987509284,0.380999999999915,1.16699999999997
"Sc2_phi0.5_alpha-0.1",2,0.5,-0.1,100,32,TRUE,TRUE,-0.0478928598690973,0.0620604594897996,-0.0524257035576652,0.066795311203166,0.281013552919205,0.283502936728161,-0.101033834269235,-0.112223896830227,0.421147685638691,0.420891782053975,0.378000000000043,1.243
"Sc2_phi0.5_alpha-0.1",2,0.5,-0.1,100,33,TRUE,TRUE,-0.0758961059832659,0.0768783028629652,-0.0869176029105484,0.0830530765639634,0.635090798192675,0.635886190164633,-0.0736535650448651,-0.084404107501168,0.552161055379975,0.552009990474967,0.398000000000025,1.30399999999997
"Sc2_phi0.5_alpha-0.1",2,0.5,-0.1,100,34,TRUE,TRUE,-0.195358999298677,0.0876587452493375,-0.216647898280518,0.10042536070964,0.189161859232016,0.198727628900403,-0.0405024822091401,-0.0662717557883562,0.602684357846778,0.59472314538562,0.401999999999987,1.25999999999999
"Sc2_phi0.5_alpha-0.1",2,0.5,-0.1,100,35,TRUE,TRUE,-0.0720940205346062,0.0766992248311216,-0.0752217935257211,0.0829231922637555,0.644431071780654,0.647090705641642,-0.114112530203649,-0.124151399732724,0.629172330082313,0.631745015391137,0.319999999999993,1.38400000000001
"Sc2_phi0.5_alpha-0.1",2,0.5,-0.1,100,36,TRUE,TRUE,-0.0695918126869609,0.0553771788359832,-0.0776625974704713,0.0612594011470762,0.262893229559524,0.278605113611745,-0.00248584653197886,-0.0365009482799983,0.367844012389209,0.36633781827879,0.240999999999985,1.04899999999998
"Sc2_phi0.5_alpha-0.1",2,0.5,-0.1,100,37,TRUE,TRUE,-0.0883041767301205,0.0793119948020237,-0.103036731682323,0.0874681543615075,0.540112514027446,0.538647885970083,-0.036247841760634,-0.0495277202822302,0.541761235572855,0.54203362873904,0.373999999999967,1.32900000000001
"Sc2_phi0.5_alpha-0.1",2,0.5,-0.1,100,38,TRUE,TRUE,-0.104338922422413,0.0652938840134904,-0.126051605015441,0.0726352107760279,0.244087810015234,0.251690170409978,-0.00129048387085575,-0.0334967483995442,0.508398142368958,0.507351326310141,0.28000000000003,1.06099999999998
"Sc2_phi0.5_alpha-0.1",2,0.5,-0.1,100,39,TRUE,TRUE,0.0203664028560645,0.0671971274654973,0.0234489165521131,0.0725605012058714,0.757344278035278,0.753883657497039,-0.183840560840321,-0.177225858068865,0.42600173074639,0.425399345801545,0.392999999999972,1.11500000000001
"Sc2_phi0.5_alpha-0.1",2,0.5,-0.1,100,40,TRUE,TRUE,-0.163454445318192,0.0642840235205971,-0.18652575342585,0.0749562861660136,0.617231448483308,0.636992582671041,-0.183054326567379,-0.233627208615081,0.392301166087788,0.402546843034799,0.274999999999977,1.11599999999999
"Sc2_phi1_alpha-0.15",2,1,-0.15,100,1,TRUE,TRUE,-0.239887768914781,0.0735618037412206,-0.282737368656795,0.0918110379003801,0.279263070442052,0.303373720610133,-0.207157406833067,-0.278741028744156,0.977274667186965,0.954842438167554,0.351999999999975,1.38900000000001
"Sc2_phi1_alpha-0.15",2,1,-0.15,100,2,TRUE,TRUE,-0.010515792784578,0.0644935440093699,-0.00725750599085166,0.0690970798988066,0.283596655253382,0.284710956018283,-0.092694381688547,-0.0942365630736518,0.907027929058326,0.90687432931161,0.461999999999989,1.43399999999997
"Sc2_phi1_alpha-0.15",2,1,-0.15,100,3,TRUE,TRUE,-0.0170561273693189,0.0656058734730048,-0.0108883147395437,0.0715825485059023,0.272667744752962,0.273126335929896,-0.0501423893192719,-0.0524398841424298,0.859438975141568,0.859760040737879,0.242999999999995,0.909999999999968
"Sc2_phi1_alpha-0.15",2,1,-0.15,100,4,TRUE,TRUE,-0.192094021048052,0.0750293005128876,-0.223225005009509,0.0871738773670694,0.291083036356694,0.297038318930844,-0.0735437876696174,-0.1044035441949,0.925416926706587,0.910200581328397,0.307000000000016,1.09499999999997
"Sc2_phi1_alpha-0.15",2,1,-0.15,100,5,TRUE,TRUE,-0.353232013418897,0.0943869602811189,-0.403680261265325,0.120057379478685,0.097134899342088,0.10821969479639,0.0343850401580917,-0.0029096617087016,1.10239737559836,1.08478107128946,0.391999999999939,1.21800000000002
"Sc2_phi1_alpha-0.15",2,1,-0.15,100,6,TRUE,TRUE,-0.10956875967187,0.0854282374492715,-0.117531885931457,0.0938538950291679,0.658197300497805,0.662542525077187,-0.127544293783058,-0.142665619298303,1.06732529685239,1.05159007342998,0.379999999999995,1.024
"Sc2_phi1_alpha-0.15",2,1,-0.15,100,7,TRUE,TRUE,-0.165455345162673,0.0638536658177191,-0.180937528837427,0.0730072620672626,0.254837187285135,0.258551253307877,-0.281953151577029,-0.33648973408742,0.984114818747608,0.976009970653934,0.259000000000015,1.00299999999999
"Sc2_phi1_alpha-0.15",2,1,-0.15,100,8,TRUE,TRUE,-0.196355288459984,0.0939584336818128,-0.223091632195854,0.110435965036543,0.174650882215642,0.182981877991148,-0.140043691714708,-0.169462285106906,1.15122975593613,1.14290846681553,0.416999999999973,1.32400000000001
"Sc2_phi1_alpha-0.15",2,1,-0.15,100,9,TRUE,TRUE,-0.239242692534987,0.0824183172679531,-0.2744936092714,0.107672719127312,0.470116125042042,0.49356318224041,-0.146743138092076,-0.210407259108192,0.893352363373526,0.889572415206514,0.271000000000015,0.961000000000013
"Sc2_phi1_alpha-0.15",2,1,-0.15,100,10,TRUE,TRUE,-0.0589608383816894,0.0744860056106299,-0.0646454458733048,0.0816944941231297,0.769610039325029,0.775513844901339,-0.16874495649439,-0.179605545843971,1.26135279622466,1.25829817143826,0.425000000000011,1.28899999999999
"Sc2_phi1_alpha-0.15",2,1,-0.15,100,11,TRUE,TRUE,-0.108134237109072,0.0749970465885257,-0.116450549590986,0.0835436117562863,0.595515992702394,0.607649688172355,-0.259783988932982,-0.279889063637332,1.0764181218304,1.07259969479186,0.266999999999996,1.06700000000001
"Sc2_phi1_alpha-0.15",2,1,-0.15,100,12,TRUE,TRUE,-0.0519636572075312,0.0900540389752637,-0.0855591731193382,0.106796924321477,0.51879848086795,0.535724917993828,-0.0305526807219085,-0.0548358668622493,1.10431749776001,1.10056870079459,0.302000000000078,0.966999999999985
"Sc2_phi1_alpha-0.15",2,1,-0.15,100,13,TRUE,TRUE,-0.121396621619504,0.0741204033042963,-0.135956088003278,0.0810212936638782,0.244803936696293,0.246393468017476,-0.059755376882816,-0.076125444296242,0.954582306975619,0.949584785068111,0.411999999999978,1.27800000000002
"Sc2_phi1_alpha-0.15",2,1,-0.15,100,14,TRUE,TRUE,-0.127422750705833,0.0647705378523529,-0.14476507080607,0.0700517368476771,0.632501172091746,0.64091272493648,-0.0254839900175137,-0.0508903306013107,0.938589725231079,0.926118714392435,0.30600000000004,1.19900000000001
"Sc2_phi1_alpha-0.15",2,1,-0.15,100,15,TRUE,TRUE,-0.14740679198931,0.0717723221357427,-0.163755019323089,0.0818528128996977,0.20717380729284,0.207869485366931,-0.14284194416758,-0.163298713899824,0.90715937412782,0.907243766926736,0.377999999999986,1.31700000000001
"Sc2_phi1_alpha-0.15",2,1,-0.15,100,16,TRUE,TRUE,-0.148385389642812,0.0831199870135208,-0.162100997273189,0.0976347487236133,0.110083141988123,0.121835777290391,-0.104129318080711,-0.145820552554989,1.04279602413805,1.03240181890128,0.305000000000007,0.941000000000031
"Sc2_phi1_alpha-0.15",2,1,-0.15,100,17,TRUE,TRUE,-0.145439743027148,0.071772256613349,-0.164821554836628,0.0786473559617045,0.31036210752747,0.358201185928983,-0.073983781101072,-0.144799868556412,1.05399926693703,1.00537583410198,0.288999999999987,1.04300000000001
"Sc2_phi1_alpha-0.15",2,1,-0.15,100,18,TRUE,TRUE,-0.279415005590113,0.113499128786726,-0.416920172134574,0.183646542036635,0.280541982550501,0.238917658315021,0.0136848106899055,-0.00603144770799157,1.3723213016902,1.36559047115824,0.438999999999965,1.36700000000002
"Sc2_phi1_alpha-0.15",2,1,-0.15,100,19,TRUE,TRUE,-0.242842298341215,0.0868457235828079,-0.293098931198046,0.104513576333689,0.608024530983568,0.62020494026149,-0.0402859336400387,-0.08849637699975,1.27151179075062,1.26888566762156,0.410000000000025,1.34699999999998
"Sc2_phi1_alpha-0.15",2,1,-0.15,100,20,TRUE,TRUE,-0.191436539199474,0.0680307609781284,-0.217662262915952,0.0787505480445949,0.182420519485807,0.191154278558897,-0.149946808558898,-0.203287115374957,0.889176142466668,0.867720377850996,0.261000000000024,1.14300000000003
"Sc2_phi1_alpha-0.15",2,1,-0.15,100,21,TRUE,TRUE,-0.063054496489702,0.0829186548511627,-0.0642182539930849,0.0913401910990729,0.528080598623991,0.527080648159209,-0.151253988265916,-0.15908765017572,1.09210722314269,1.09105541641428,0.478999999999985,1.48500000000001
"Sc2_phi1_alpha-0.15",2,1,-0.15,100,22,TRUE,TRUE,-0.201642007238113,0.0697787559805131,-0.237928025775514,0.0857897520150607,0.0979910725596986,0.111102969033344,-0.113528155415133,-0.150818944542959,1.23763611353102,1.26075138874107,0.278999999999996,1.08699999999999
"Sc2_phi1_alpha-0.15",2,1,-0.15,100,23,TRUE,TRUE,-0.224708824900246,0.120636319184737,-0.292315405847864,0.160257456758805,0.255302044917124,0.260880751906177,-0.0471688614291446,-0.0757771459240381,1.24216938925712,1.24388502884586,0.317000000000007,1.291
"Sc2_phi1_alpha-0.15",2,1,-0.15,100,24,TRUE,TRUE,-0.10095255389789,0.0855800832680707,-0.119831766062853,0.0977089647682867,0.433374772218555,0.441645478490248,-0.0921840834263597,-0.114060501405435,1.081322818554,1.08189569719386,0.272999999999968,1.017
"Sc2_phi1_alpha-0.15",2,1,-0.15,100,25,TRUE,TRUE,-0.101517612518818,0.0801655328348659,-0.115978365537844,0.0909384798632375,0.391294299826867,0.402345499671777,-0.0683862939338005,-0.0983794184315871,1.21924005790336,1.2207945753414,0.266999999999996,0.938000000000045
"Sc2_phi1_alpha-0.15",2,1,-0.15,100,26,TRUE,TRUE,-0.0214563995690719,0.0743920590361368,-0.0249001305963472,0.0813975908884917,0.520089051267038,0.521759547431426,-0.0716878074971951,-0.0767583819048827,1.21326042153976,1.21305691360142,0.421000000000049,1.22200000000004
"Sc2_phi1_alpha-0.15",2,1,-0.15,100,27,TRUE,TRUE,-0.099268512503219,0.0875535166628527,-0.107006637745646,0.0989250507852454,0.622780332807012,0.623374325168777,-0.142310775764356,-0.156142643233147,1.18642574170724,1.18180647857821,0.326999999999941,1.07300000000004
"Sc2_phi1_alpha-0.15",2,1,-0.15,100,28,TRUE,TRUE,-0.246873076247747,0.1009041538335,-0.31094268525171,0.134741351212791,0.436317916103071,0.438256976264687,-0.0333615469677378,-0.0685389387564751,1.3403802827229,1.33687537921972,0.270000000000039,1.024
"Sc2_phi1_alpha-0.15",2,1,-0.15,100,29,TRUE,TRUE,-0.0677477460713708,0.068511045666018,-0.0766691570395035,0.0751918191195841,0.189298352152009,0.191463393676197,-0.0344703499108897,-0.0458563791524569,0.894965142078703,0.901417201572613,0.287000000000035,0.909999999999968
"Sc2_phi1_alpha-0.15",2,1,-0.15,100,30,TRUE,TRUE,-0.0570795587080002,0.0829677556200634,-0.0716487839923332,0.0919447614372717,0.0598878644909677,0.0602970713895876,0.132419188333811,0.121558603268172,1.18379442733049,1.1810797068355,0.375999999999976,1.21199999999999
"Sc2_phi1_alpha-0.15",2,1,-0.15,100,31,TRUE,TRUE,-0.0452375783423109,0.0756929461704435,-0.0516970084535234,0.083702839550874,0.723683511308024,0.7250441642079,-0.132112307286014,-0.1390320022976,1.02729322836648,1.02875396463911,0.414999999999964,1.33499999999998
"Sc2_phi1_alpha-0.15",2,1,-0.15,100,32,TRUE,TRUE,-0.13758823838532,0.0792626667422726,-0.158907944519634,0.0898965869117549,0.443423558447683,0.443145465311582,-0.117432457978026,-0.137351414697382,1.09972800580383,1.11493137129147,0.262,1.22300000000001
"Sc2_phi1_alpha-0.15",2,1,-0.15,100,33,TRUE,TRUE,-0.131811280797176,0.0665815081328713,-0.153428148657829,0.0757623111796763,0.451561651846371,0.46232192286591,-0.07468943735596,-0.110369611758997,0.93403961589118,0.932715479457892,0.281999999999982,1.02500000000003
"Sc2_phi1_alpha-0.15",2,1,-0.15,100,34,TRUE,TRUE,-0.135857120676381,0.0819438818683205,-0.161015639146445,0.0931023635767654,0.290562554162961,0.292919540261008,-0.0307064944736599,-0.0537671936402403,1.01891193060462,1.0148260786896,0.399000000000001,1.24099999999999
"Sc2_phi1_alpha-0.15",2,1,-0.15,100,35,TRUE,TRUE,-0.181005247238543,0.0708235225320402,-0.242845944186278,0.102272141280136,0.560757738057553,0.582510197063841,-0.223071369655594,-0.277538497170936,0.780225723644798,0.795340912423638,0.267999999999972,1.01000000000005
"Sc2_phi1_alpha-0.15",2,1,-0.15,100,36,TRUE,TRUE,-0.00686373665525926,0.074117519858964,-0.0164373570251127,0.082818405122246,0.112805042303026,0.114944466912028,0.0146321843741306,0.0105532258874563,0.904530319568333,0.904006297646918,0.291999999999916,1.06300000000005
"Sc2_phi1_alpha-0.15",2,1,-0.15,100,37,TRUE,TRUE,-0.151134514927071,0.0817471865737758,-0.182869846444324,0.0958323867025573,0.211481805889839,0.233409539130155,-0.0953719450604714,-0.140936194295983,1.13409749565993,1.12264838389228,0.329000000000008,1.19799999999998
"Sc2_phi1_alpha-0.15",2,1,-0.15,100,38,TRUE,TRUE,-0.224616480834274,0.0810606680031736,-0.266348903742662,0.102942977696654,0.561969564794463,0.568343329906742,-0.113392282373148,-0.152956730733185,1.09387727704728,1.10675379593949,0.258999999999958,1.02299999999997
"Sc2_phi1_alpha-0.15",2,1,-0.15,100,39,TRUE,TRUE,-0.0595114665196093,0.0726967339539164,-0.0731143534101731,0.0923994173149414,0.504879267434606,0.521464763671822,-0.107311851789808,-0.141887574606521,1.16222592678026,1.17197921240648,0.262999999999977,1.01400000000001
"Sc2_phi1_alpha-0.15",2,1,-0.15,100,40,TRUE,TRUE,-0.0816051215071594,0.076963773987658,-0.094190636636188,0.0845771795063794,0.833932941952129,0.837974122277461,-0.132823690469113,-0.147507990751184,1.25946097373371,1.26242293588485,0.314000000000021,1.00300000000004
