"sigma_u","engine","param","true","n_ok","mean","bias","pct_bias","RMSE","ESD","ASD","CP95","time_mean"
0.5,"PROreg","g0_1",1,30,1.04125638909683,0.0412563890968292,0.0412563890968292,0.251394097473447,0.252225069038677,0.247263098885012,96.6666666666667,9.34186666666666
0.5,"PROreg","g1_1",-1.5,30,-1.48724218761629,0.0127578123837138,-0.00850520825580917,0.417650597849523,0.424592210171748,0.42601137284073,90,9.34186666666666
0.5,"PROreg","phi_1",0.5,30,0.475550895751025,-0.0244491042489752,-0.0488982084979505,0.0969893633204456,0.0954617339767967,NA,NA,9.34186666666666
0.5,"PROreg","g0_2",-2,30,-1.98081571597935,0.0191842840206515,-0.00959214201032577,0.441100881751935,0.448217101562844,0.347949293887583,86.6666666666667,9.34186666666666
0.5,"PROreg","g1_2",2.5,30,2.45971904636821,-0.0402809536317852,-0.0161123814527141,0.674680991753918,0.684990726397255,0.577562347289648,93.3333333333333,9.34186666666666
0.5,"PROreg","phi_2",1,30,0.965615025368679,-0.0343849746313206,-0.0343849746313206,0.199352088761035,0.199721173258925,NA,NA,9.34186666666666
0.5,"PROreg","g0_3",0.5,30,0.417073210253949,-0.0829267897460512,-0.165853579492102,0.320032121266523,0.314385617900788,0.356075764424587,96.6666666666667,9.34186666666666
0.5,"PROreg","g1_3",0.5,30,0.556381056964528,0.0563810569645279,0.112762113929056,0.565663415817285,0.572468589479814,0.635727419983486,96.6666666666667,9.34186666666666
0.5,"PROreg","phi_3",1.5,30,1.49598622730969,-0.00401377269031467,-0.00267584846020978,0.36797273274625,0.374241055001296,NA,NA,9.34186666666666
0.5,"PROreg","sigma",0.5,30,0.56610713197203,0.0661071319720297,0.132214263944059,0.19907077273297,0.190983894407449,NA,NA,9.34186666666666
0.5,"PROregTMB","g0_1",1,30,1.07451755420794,0.074517554207943,0.074517554207943,0.271599185004945,0.265641548883693,0.271366419177675,96.6666666666667,0.286800000000003
0.5,"PROregTMB","g1_1",-1.5,30,-1.53251793805117,-0.0325179380511651,0.0216786253674434,0.435629389641985,0.441840448061112,0.466685267466566,93.3333333333333,0.286800000000003
0.5,"PROregTMB","phi_1",0.5,30,0.510361116130839,0.0103611161308387,0.0207222322616774,0.0929958667696488,0.0939967635654962,NA,NA,0.286800000000003
0.5,"PROregTMB","g0_2",-2,30,-2.01801238129284,-0.0180123812928401,0.00900619064642005,0.458768375852171,0.466251349413449,0.371377341315174,86.6666666666667,0.286800000000003
0.5,"PROregTMB","g1_2",2.5,30,2.50557744429395,0.0055774442939458,0.00223097771757832,0.694173272963309,0.706017552540235,0.606486637725497,96.6666666666667,0.286800000000003
0.5,"PROregTMB","phi_2",1,30,1.00541602755076,0.00541602755076354,0.00541602755076354,0.198627009000397,0.201947471874657,NA,NA,0.286800000000003
0.5,"PROregTMB","g0_3",0.5,30,0.427633598197504,-0.0723664018024959,-0.144732803604992,0.325474211624092,0.322752012717061,0.360006798845175,96.6666666666667,0.286800000000003
0.5,"PROregTMB","g1_3",0.5,30,0.564989313581811,0.0649893135818113,0.129978627163623,0.572156410105261,0.578171326545471,0.639793180518294,96.6666666666667,0.286800000000003
0.5,"PROregTMB","phi_3",1.5,30,1.53610839657727,0.0361083965772662,0.0240722643848441,0.372474942037464,0.377058167298698,NA,NA,0.286800000000003
0.5,"PROregTMB","sigma",0.5,30,0.420286868561724,-0.0797131314382765,-0.159426262876553,0.225364174916408,0.214399308442796,NA,NA,0.286800000000003
1,"PROreg","g0_1",1,30,0.958916864002576,-0.0410831359974237,-0.0410831359974237,0.299082929413428,0.301312258588423,0.267649469587758,90,8.817
1,"PROreg","g1_1",-1.5,30,-1.48736719011537,0.0126328098846311,-0.00842187325642074,0.555692827684947,0.565046471254793,0.462892545003571,86.6666666666667,8.817
1,"PROreg","phi_1",0.5,30,0.486636751910967,-0.0133632480890332,-0.0267264961780664,0.100495717668281,0.101306020875844,NA,NA,8.817
1,"PROreg","g0_2",-2,30,-1.91358946646803,0.086410533531972,-0.043205266765986,0.342158350541117,0.33672697915282,0.375700435488512,96.6666666666667,8.817
1,"PROreg","g1_2",2.5,30,2.3325374735407,-0.167462526459297,-0.0669850105837188,0.673197258354731,0.663182648338114,0.62400771411557,90,8.817
1,"PROreg","phi_2",1,30,0.948474152038694,-0.051525847961306,-0.051525847961306,0.172526514102744,0.16746739793983,NA,NA,8.817
1,"PROreg","g0_3",0.5,30,0.686243501000357,0.186243501000357,0.372487002000714,0.443725735571656,0.409632998161984,0.397062551302366,90,8.817
1,"PROreg","g1_3",0.5,30,0.0925571193308745,-0.407442880669125,-0.814885761338251,0.858663021379479,0.768760186325503,0.69497741772331,90,8.817
1,"PROreg","phi_3",1.5,30,1.39401519588259,-0.105984804117412,-0.0706565360782746,0.394996659149274,0.38701721698575,NA,NA,8.817
1,"PROreg","sigma",1,30,1.08829665206799,0.0882966520679866,0.0882966520679866,0.166102655030053,0.143095554914037,NA,NA,8.817
1,"PROregTMB","g0_1",1,30,1.03461308396963,0.0346130839696295,0.0346130839696295,0.324141565841591,0.327797807409432,0.343602821768203,93.3333333333333,0.285
1,"PROregTMB","g1_1",-1.5,30,-1.6024143075239,-0.1024143075239,0.0682762050159331,0.615099737372568,0.616882314152385,0.593764341594405,93.3333333333333,0.285
1,"PROregTMB","phi_1",0.5,30,0.536135846146112,0.0361358461461122,0.0722716922922244,0.116270785624702,0.112402123920401,NA,NA,0.285
1,"PROregTMB","g0_2",-2,30,-2.0305458948425,-0.0305458948425033,0.0152729474212516,0.348670164891667,0.353267260642586,0.431062052538331,100,0.285
1,"PROregTMB","g1_2",2.5,30,2.47292897837428,-0.0270710216257166,-0.0108284086502866,0.68957723465727,0.70082507213779,0.714838361074516,90,0.285
1,"PROregTMB","phi_2",1,30,0.98729774504633,-0.0127022549536695,-0.0127022549536695,0.177106484324348,0.17967027129839,NA,NA,0.285
1,"PROregTMB","g0_3",0.5,30,0.729626844648914,0.229626844648914,0.459253689297828,0.481668481035216,0.430648313799838,0.434358148708655,83.3333333333333,0.285
1,"PROregTMB","g1_3",0.5,30,0.0942594182189724,-0.405740581781028,-0.811481163562055,0.893959792338473,0.810197096463425,0.756954552070615,93.3333333333333,0.285
1,"PROregTMB","phi_3",1.5,30,1.43240409734364,-0.0675959026563633,-0.0450639351042422,0.395307110860766,0.396143268024584,NA,NA,0.285
1,"PROregTMB","sigma",1,30,0.985155372797755,-0.0148446272022452,-0.0148446272022452,0.161958143892751,0.164033461945016,NA,NA,0.285
