"sigma_u","sim","n","ok_proreg","ok_tmb","g1_1_P","g1_2_P","g1_3_P","g1_1_T","g1_2_T","g1_3_T","sigma_P","sigma_T","time_P","time_T"
0.5,1,100,TRUE,TRUE,-1.00482977044477,2.73702638865277,0.899657790904787,-1.04197189254925,2.78380311329776,0.903574849659968,0.553006647614374,0.410189242040133,7.954,0.362000000000002
0.5,2,100,TRUE,TRUE,-1.74299059932551,3.05367940333638,-0.163595452421094,-1.82303194492117,3.16592518566395,-0.200146071043201,0.767740834930847,0.644676170534319,9.299,0.347000000000001
0.5,3,100,TRUE,TRUE,-1.85672550458359,3.26976112075231,1.25399805175247,-1.95935224103551,3.33392050605331,1.27998461021472,0.708349809413925,0.579172849065023,9.543,0.301000000000002
0.5,4,100,TRUE,TRUE,-1.58015057868817,2.48748211970746,-0.411720912789295,-1.6435393143895,2.55556365457314,-0.387474907894174,0.581221883708557,0.446441781753334,9.071,0.291000000000004
0.5,5,100,TRUE,TRUE,-1.57243853132553,2.33161342409078,0.854580444008735,-1.61601060003598,2.35615124047725,0.863154260444291,0.528883721577181,0.372030886007501,8.066,0.244999999999997
0.5,6,100,TRUE,TRUE,-1.76792755039825,3.70410087578645,0.744111127416324,-1.88349751737181,3.8752430532128,0.78029383697448,0.927579658362942,0.83238991832013,9.523,0.289999999999992
0.5,7,100,TRUE,TRUE,-1.02813127449907,2.98788616369722,0.482928454859386,-1.04186350776459,3.04792287530403,0.467211103211049,0.546679363707525,0.407573903171875,7.47199999999999,0.272000000000006
0.5,8,100,TRUE,TRUE,-1.7623580910254,1.90754079002485,1.49311424987225,-1.82256275361431,1.9429505710549,1.51153736700148,0.524544262584341,0.398406869476524,6.776,0.277000000000001
0.5,9,100,TRUE,TRUE,-1.87330383430997,2.43787826970031,0.619826474650523,-1.95604618762917,2.46016953479212,0.59991890704296,0.655121081181354,0.505844802739968,9.824,0.319000000000003
0.5,10,100,TRUE,TRUE,-1.84880116581282,2.49008945688317,-0.247945788976566,-1.87824645984444,2.50419396388633,-0.248045622230257,0.378966810198147,0.240928438030874,10.321,0.25200000000001
0.5,11,100,TRUE,TRUE,-1.89927440083595,2.14555759746605,1.87969168425511,-1.90614415966462,2.16235029816951,1.87664175246989,0.358879033911268,0.19856260795673,12.672,0.296000000000006
0.5,12,100,TRUE,TRUE,-2.01089626358131,1.61458184685114,1.21773423574048,-2.01628971865033,1.61280924962631,1.21751432792843,0.185676922443776,0.000117644781533286,13.295,0.355000000000018
0.5,13,100,TRUE,TRUE,-2.24034595362874,1.83443140675468,0.115582927511141,-2.32578002662598,1.89263386963919,0.109164579878397,0.739947588698962,0.617331987264907,9.89700000000002,0.310000000000002
0.5,14,100,TRUE,TRUE,-0.684642970327226,2.95615272517178,0.0611991411276498,-0.691604896899956,2.97177594001888,0.0491306014409384,0.443971159038898,0.288161832998586,5.50900000000001,0.296999999999997
0.5,15,100,TRUE,TRUE,-1.63847339305506,1.97611150255302,-0.545610189678966,-1.64083264442566,1.97462441833644,-0.545217604105044,0.291245604286781,0.0988062550451849,17.406,0.27800000000002
0.5,16,100,TRUE,TRUE,-1.85380414693938,1.99526242192546,0.257492912025896,-1.96205619404535,2.05816108632075,0.305129387461987,0.931506802592769,0.800965128818781,8.959,0.294000000000011
0.5,17,100,TRUE,TRUE,-1.8050925286867,3.23890699592171,1.0946374600648,-1.87179288548803,3.29408961166447,1.11965766282462,0.6274489427498,0.485066786868502,8.833,0.261000000000024
0.5,18,100,TRUE,TRUE,-1.29828935933301,1.95933232789622,0.132362058426201,-1.3354845841451,1.98485739020915,0.150718408456186,0.59206263099543,0.448421709770749,10.34,0.272999999999996
0.5,19,100,TRUE,TRUE,-1.72822535201581,3.02793234489082,-0.18516158023452,-1.806786078897,3.11588651233397,-0.186081096697344,0.703024017254113,0.56314071171964,10.435,0.267999999999972
0.5,20,100,TRUE,TRUE,-1.27737086279161,1.07130928743984,0.880016005338893,-1.30318154417202,1.10609371915507,0.907489529417483,0.565473792310026,0.422026107134573,9.17099999999999,0.27000000000001
0.5,21,100,TRUE,TRUE,-1.45809462905847,3.08248724822535,0.222242688573553,-1.46448889431422,3.07528119665814,0.218901587753778,0.218825384251157,0.000142506248477885,15.562,0.324000000000012
0.5,22,100,TRUE,TRUE,-1.12240723265437,1.99896704358502,0.19300683290505,-1.15422176147967,2.05572710680049,0.183943946309456,0.612667257569043,0.474631089168705,8.917,0.27600000000001
0.5,23,100,TRUE,TRUE,-0.200725285367251,3.32932423709863,0.859690621433554,-0.210056023005742,3.35139596955316,0.881611834339863,0.487786700029298,0.334978662600051,3.28999999999999,0.272999999999996
0.5,24,100,TRUE,TRUE,-1.32143761559569,2.58567714354572,0.782985545277969,-1.3990136713341,2.72537861814645,0.815481589135626,0.923640376629637,0.831778679436497,8.029,0.278999999999996
0.5,25,100,TRUE,TRUE,-1.28834946534129,2.63418247327659,0.791943537641027,-1.30797317262181,2.66058503571285,0.809840871671935,0.524027195098186,0.380520901333348,5.79300000000001,0.278999999999996
0.5,26,100,TRUE,TRUE,-1.17646687435754,1.55601606077542,0.940522770927807,-1.20264082423748,1.57256620616686,0.962324111819893,0.587508966864634,0.459482325650839,8.12599999999998,0.257000000000005
0.5,27,100,TRUE,TRUE,-1.17287008658537,2.82297315224232,0.840727536311297,-1.2342736008444,2.88428611153241,0.861915576996118,0.599929770122776,0.473780559762558,8.61099999999999,0.259000000000015
0.5,28,100,TRUE,TRUE,-1.33016779945215,1.5440221299269,0.732743967219432,-1.35023524209366,1.559057747188,0.738129346927546,0.472976107904022,0.315133458253752,1.94200000000001,0.269999999999982
0.5,29,100,TRUE,TRUE,-1.54259624564255,3.5468729887723,0.402261293922978,-1.59646102603577,3.61460140673501,0.418626205130961,0.656555854445517,0.490336558879816,9.80200000000002,0.25200000000001
0.5,30,100,TRUE,TRUE,-1.53007826282604,1.46441244409578,0.492407820868973,-1.53009877339832,1.4693181365357,0.484748454912302,0.287965778685605,0.087565682018795,15.818,0.276999999999987
1,1,100,TRUE,TRUE,-1.01374298963127,2.33522534970488,0.5552418590467,-1.07532948278311,2.45691367721988,0.580864626389224,0.876612991717939,0.764295765387389,8.12099999999998,0.269999999999982
1,2,100,TRUE,TRUE,-1.31868342338936,2.15486270579217,-1.20594586589827,-1.39443641193946,2.29502885960473,-1.24856884756022,1.04253186519391,0.91448690791507,8.50599999999997,0.26400000000001
1,3,100,TRUE,TRUE,-1.32414094272917,2.12278210557311,0.158072123677109,-1.3869683626046,2.24454370060304,0.164974312103337,1.02782467512884,0.894718503021519,9.05699999999996,0.259000000000015
1,4,100,TRUE,TRUE,-1.3889478774835,4.07618056451526,0.539339145453167,-1.51202177208739,4.35652898339927,0.586545914463677,1.10823214707346,1.02862183779626,8.49200000000002,0.300999999999988
1,5,100,TRUE,TRUE,-0.997483897678394,2.8490945622076,0.694675828521868,-1.11781135359079,3.02198341086069,0.753494760946295,1.2847804593158,1.17841009890708,8.48600000000005,0.30699999999996
1,6,100,TRUE,TRUE,-1.86341411745491,2.64807493610781,-0.801823587261386,-2.01034071031121,2.84736086774274,-0.867224183621755,1.06276790554502,0.986575877126413,7.93900000000002,0.268000000000029
1,7,100,TRUE,TRUE,-1.04995462328383,3.32558377591864,0.967756286320561,-1.12449464438403,3.56492595020667,1.00986888968034,1.06108184972973,0.98262048696052,8.697,0.290999999999997
1,8,100,TRUE,TRUE,-1.63921524340393,1.02959474551313,-0.806183282039132,-1.7486070701724,1.0792184059648,-0.842048702498427,0.964764698696848,0.847150523654712,8.96699999999998,0.266999999999996
1,9,100,TRUE,TRUE,-2.63708526061232,2.45182298493249,-0.117774026471483,-2.86847037074491,2.61281339576202,-0.161531072662416,1.11371986846155,1.03993438559264,8.57900000000001,0.283999999999992
1,10,100,TRUE,TRUE,-1.70560200093085,2.31159477365863,-0.423201987600539,-1.76382717391162,2.44099860791989,-0.449419540505878,0.921300991258189,0.777351821791613,9.24700000000001,0.29000000000002
1,11,100,TRUE,TRUE,-1.61100801452105,3.46492628221483,-0.284427385685355,-1.72763255214013,3.63618544179888,-0.294466427835852,1.06568419345896,0.933001250090133,8.18099999999998,0.28000000000003
1,12,100,TRUE,TRUE,-1.10130964829234,2.84445060258341,0.845857720479344,-1.13989312015733,2.94294523027084,0.86190444950194,1.07444866832921,0.906932268200005,9.61000000000001,0.308999999999969
1,13,100,TRUE,TRUE,-1.38249092658114,2.23607186605593,0.204112192236175,-1.47253742159347,2.32022576029555,0.217871075015811,1.13335492059108,1.0247351216005,8.76499999999999,0.262
1,14,100,TRUE,TRUE,-2.76952066982746,1.92002312450045,-2.03270960471622,-2.95681777917895,2.04244699945159,-2.14156931445183,0.928480826914293,0.816953076970448,7.88,0.281999999999982
1,15,100,TRUE,TRUE,-1.00261358069899,2.47763447136888,0.478649421693366,-1.10421455421834,2.57696994067264,0.515752772493156,0.995503224860349,0.870556040192083,8.90299999999996,0.25
1,16,100,TRUE,TRUE,-1.7053939973828,2.81745995826463,-0.498671781607914,-1.86336932798543,3.01027848575598,-0.548759784896838,1.16082843481676,1.05978455744833,8.83300000000003,0.285000000000025
1,17,100,TRUE,TRUE,-1.04557588270524,2.76240741529511,0.0545540963231909,-1.14312604615859,2.90611731357954,0.0527242047098621,1.01727723074684,0.906637051036765,8.702,0.317999999999984
1,18,100,TRUE,TRUE,-0.99941775554415,2.1476688125745,0.269138502080729,-1.0459963768186,2.26674524495338,0.266692250935422,0.860199683203994,0.716482846215474,9.10699999999997,0.269000000000005
1,19,100,TRUE,TRUE,-1.75328127717375,1.54339064955957,-0.85778669940173,-1.92318572589957,1.68497192823521,-0.916637608961103,1.15291158417033,1.08683200609515,8.78399999999999,0.295000000000016
1,20,100,TRUE,TRUE,-0.963714120803131,2.25355577637364,-0.233092638662541,-1.01225901681628,2.38125948432637,-0.232677971401703,0.957392194138759,0.835804275614852,8.16700000000003,0.312999999999988
1,21,100,TRUE,TRUE,-0.727166214838045,0.970133073370026,0.982814600505352,-0.755941364827965,1.0388902288775,1.05907687931777,1.2333721781534,1.18608624284259,9.55599999999998,0.295000000000016
1,22,100,TRUE,TRUE,-2.49469955378943,2.33725014774515,0.0537902685406474,-2.7426716927435,2.55325781844588,0.0675392596192593,1.40376436374135,1.37064563748047,9.37900000000002,0.29299999999995
1,23,100,TRUE,TRUE,-2.15776647088051,1.54324910616866,-0.385774473706329,-2.3886464282439,1.70069766783296,-0.414743281270807,1.37657320303523,1.31682512865362,8.16300000000001,0.29000000000002
1,24,100,TRUE,TRUE,-1.92012926547246,1.71039529146822,-0.321298238810207,-2.06011735153809,1.81237456928272,-0.345628784664095,1.06838714590426,0.935164142354956,9.65000000000003,0.283000000000015
1,25,100,TRUE,TRUE,-1.83617234279189,1.88766110402144,1.39847341584513,-1.95524361969957,1.97588853215103,1.43039313645309,0.947944536001241,0.838314306408825,8.43900000000008,0.307999999999993
1,26,100,TRUE,TRUE,-0.37856972241695,1.77599186551132,0.940548216832234,-0.425503589921075,1.8871256944494,1.00770131410926,1.20992741385749,1.11896986967708,9.32799999999997,0.277000000000044
1,27,100,TRUE,TRUE,-1.61077406053618,2.13612087142818,0.364716850364659,-1.75819423649499,2.24078849289305,0.339199053053275,1.21562571402539,1.10006169795518,8.76300000000003,0.283999999999992
1,28,100,TRUE,TRUE,-1.44461598397147,2.63496413920085,1.0170083031027,-1.55353356987996,2.77841420268926,1.07187125912742,1.20189573390619,1.09886065886318,11.134,0.296000000000049
1,29,100,TRUE,TRUE,-0.885291533472942,2.82139751489549,0.359790096922848,-0.965090006664396,2.9552134935205,0.364661929469149,0.902648048473273,0.81236374522525,8.68900000000008,0.261999999999944
1,30,100,TRUE,TRUE,-1.89323430516362,2.3865556296971,0.860864223841574,-2.07614809220732,2.55675696246247,0.939921979511819,1.27906281158991,1.20548505285452,8.38599999999997,0.298000000000002
