"tag","scenario","phi","alpha_true","N","sim","ok_proreg","ok_tmb","alpha_proreg","alpha_tmb","se_proreg","se_tmb","time_proreg","time_tmb","time_bbmm_proreg","time_bbmm_tmb"
"Sc1_phi0.05_alpha0.01",1,0.05,0.01,80,1,TRUE,TRUE,0.0268077274167045,0.0262622496146333,0.0225096687702768,0.0224815937506916,6.35,0.452000000000002,6.224,0.335999999999999
"Sc1_phi0.05_alpha0.01",1,0.05,0.01,80,2,TRUE,TRUE,-0.0318764915537526,-0.0316643389332411,0.0263534334005803,0.0263622273767688,11.342,0.305,11.228,0.191000000000003
"Sc1_phi0.05_alpha0.01",1,0.05,0.01,80,3,TRUE,TRUE,0.00213265300871452,0.00237512424965377,0.0228164141006119,0.0227279444381994,12.28,0.344000000000001,12.177,0.242000000000004
"Sc1_phi0.05_alpha0.01",1,0.05,0.01,80,4,TRUE,TRUE,-0.0199350863173656,-0.0200377667178336,0.0222137917368939,0.0222826138975186,12.063,0.327000000000005,11.943,0.211000000000006
"Sc1_phi0.05_alpha0.01",1,0.05,0.01,80,5,TRUE,TRUE,0.0191977433962259,0.0192371379546754,0.022291389529423,0.0222901495425836,11.899,0.295000000000002,11.796,0.194000000000003
"Sc1_phi0.05_alpha0.01",1,0.05,0.01,80,6,TRUE,TRUE,0.0327235580050693,0.0319671397752273,0.0247276126400644,0.0246777183015001,4.82300000000001,0.289999999999992,4.717,0.182000000000002
"Sc1_phi0.05_alpha0.01",1,0.05,0.01,80,7,TRUE,TRUE,0.0229737450617991,0.0220699949435866,0.0213956550217744,0.0214184821852607,12.114,0.314000000000007,12,0.201000000000008
"Sc1_phi0.05_alpha0.01",1,0.05,0.01,80,8,TRUE,TRUE,-0.00918902471223575,-0.00928102394520276,0.0217764144631063,0.0218096621802631,13.089,0.272999999999996,12.987,0.169999999999987
"Sc1_phi0.5_alpha0.05",1,0.5,0.05,80,1,TRUE,TRUE,0.0197034558328177,0.0202610281573072,0.0249965176894829,0.0260053132221548,13.284,0.313000000000002,13.193,0.221000000000004
"Sc1_phi0.5_alpha0.05",1,0.5,0.05,80,2,TRUE,TRUE,0.0380960608574697,0.039337419392794,0.0237142892272606,0.0286808871474977,13.363,0.272999999999996,13.245,0.182000000000016
"Sc1_phi0.5_alpha0.05",1,0.5,0.05,80,3,TRUE,TRUE,0.050002061739123,0.0575352715919306,0.0245801634009203,0.0327296500780913,16.327,0.335000000000008,16.236,0.245000000000005
"Sc1_phi0.5_alpha0.05",1,0.5,0.05,80,4,TRUE,TRUE,0.0709465273266382,0.0724178178069051,0.0204618850467353,0.0214523994275409,14.122,0.295999999999992,14.039,0.213999999999999
"Sc1_phi0.5_alpha0.05",1,0.5,0.05,80,5,TRUE,TRUE,0.0868761603694301,0.0908297664623177,0.0253591963706267,0.0267341927728305,14.472,0.353999999999985,14.38,0.260999999999996
"Sc1_phi0.5_alpha0.05",1,0.5,0.05,80,6,TRUE,TRUE,0.00751928398072141,0.00211821530564246,0.021330474321402,0.0226836673853411,12.799,0.331999999999994,12.714,0.24799999999999
"Sc1_phi0.5_alpha0.05",1,0.5,0.05,80,7,TRUE,TRUE,0.0410116572644312,0.0559325293244832,0.0243971189973825,0.0292649189555423,15.085,0.245000000000005,15.001,0.161000000000001
"Sc1_phi0.5_alpha0.05",1,0.5,0.05,80,8,TRUE,TRUE,0.061288648782855,0.0642516235968637,0.0303743451565443,0.0332810428811362,15.538,0.310000000000002,15.453,0.224999999999994
"Sc2_phi0.5_alpha-0.1",2,0.5,-0.1,80,1,TRUE,TRUE,-0.0714032678533735,-0.0776841666654981,0.0711909635858929,0.075569077543854,11.231,0.323000000000008,11.103,0.192999999999984
"Sc2_phi0.5_alpha-0.1",2,0.5,-0.1,80,2,TRUE,TRUE,-0.138145432947436,-0.117342200804482,0.0674505497499445,0.0766504413143332,10.339,0.349999999999994,10.203,0.217999999999989
"Sc2_phi0.5_alpha-0.1",2,0.5,-0.1,80,3,TRUE,TRUE,-0.101821887294682,-0.0809963101678732,0.0676156768511539,0.0705221935999701,10.28,0.440999999999974,10.148,0.311999999999983
"Sc2_phi0.5_alpha-0.1",2,0.5,-0.1,80,4,TRUE,TRUE,-0.266697554288784,-0.272469833483256,0.1021113296934,0.11017947967575,10.947,0.394000000000005,10.827,0.274999999999977
"Sc2_phi0.5_alpha-0.1",2,0.5,-0.1,80,5,TRUE,TRUE,0.0442255425512753,0.0450897526447811,0.0690933217795107,0.0775635661663059,12.291,0.30600000000004,12.164,0.180000000000007
"Sc2_phi0.5_alpha-0.1",2,0.5,-0.1,80,6,TRUE,TRUE,-0.0967675348739936,-0.112699698799586,0.0620801257732567,0.0683240712446259,13.916,0.340000000000032,13.796,0.222000000000037
"Sc2_phi0.5_alpha-0.1",2,0.5,-0.1,80,7,TRUE,TRUE,0.017523414524868,0.0176196803545367,0.07459833384715,0.077690483082707,20.646,0.407999999999959,20.521,0.286999999999978
"Sc2_phi0.5_alpha-0.1",2,0.5,-0.1,80,8,TRUE,TRUE,-0.0707635001453638,-0.112572915041572,0.0678260093201045,0.0765835716725655,10.449,0.33499999999998,10.325,0.20999999999998
"Sc2_phi1_alpha-0.15",2,1,-0.15,80,1,TRUE,TRUE,-0.158185747084335,-0.214922696228804,0.0726974538023148,0.0875148507739912,16.231,0.394999999999982,16.112,0.276999999999987
"Sc2_phi1_alpha-0.15",2,1,-0.15,80,2,TRUE,TRUE,-0.176480961617823,-0.190391830712642,0.0676340279648898,0.0772608773062923,10.01,0.424000000000035,9.87900000000002,0.296000000000049
"Sc2_phi1_alpha-0.15",2,1,-0.15,80,3,TRUE,TRUE,-0.0960968549067972,-0.10781302732169,0.0664535072228721,0.0737811657607739,11.791,0.394000000000005,11.653,0.25200000000001
"Sc2_phi1_alpha-0.15",2,1,-0.15,80,4,TRUE,TRUE,-0.098527860408091,-0.0975120128117555,0.0597154424319037,0.0705242295259437,14.367,0.394000000000005,14.234,0.258000000000038
"Sc2_phi1_alpha-0.15",2,1,-0.15,80,5,TRUE,TRUE,-0.253927383256768,-0.294326123312708,0.0746713259908701,0.0847246833802481,11.365,0.48399999999998,11.226,0.346000000000004
"Sc2_phi1_alpha-0.15",2,1,-0.15,80,6,TRUE,TRUE,-0.205583144275654,-0.225743509235746,0.0730133748213227,0.0815081600591436,14.703,0.461999999999989,14.563,0.317999999999984
"Sc2_phi1_alpha-0.15",2,1,-0.15,80,7,TRUE,TRUE,-0.0427812773291107,-0.05879510726923,0.0633869416215571,0.0768673896653666,12.298,0.413000000000011,12.178,0.293000000000006
"Sc2_phi1_alpha-0.15",2,1,-0.15,80,8,TRUE,TRUE,0.0419728867465859,0.0426690839682023,0.0982862884888837,0.10788773106185,12.221,0.435999999999979,12.089,0.303999999999974
